Rk,Player,Nation,Pos,Squad,Comp,Age,Born,90s,GA,PKA,FK,CK,OG,PSxG,PSxG/SoT,PSxG+/-,/90,Cmp,Att,Cmp%,Att1,Thr,Launch%,AvgLen,Att2,Launch%.1,AvgLen.1,Opp,Stp,Stp%,#OPA,#OPA/90,AvgDist,Matches
1,Álvaro Aceves,es ESP,GK,Valladolid,es La Liga,19,2003,0.1,0,0,0,0,0,1,0.04,1,0.9,10,20,50,70,30,28.6,25.7,10,0,24,10,0,0,20,13.85,33,Matches
2,Julen Agirrezabala,es ESP,GK,Athletic Club,es La Liga,21,2000,7.5,0.8,0,0,0,0,0.73,0.3,-0.07,-0.06,4.93,13.47,36.6,23.87,4.4,29.6,30.5,8.27,77.4,55.4,12.8,1.47,11.5,1.33,1.33,15.4,Matches
3,Doğan Alemdar,tr TUR,GK,Rennes,fr Ligue 1,19,2002,4.5,1.78,0.22,0,0.44,0,1.44,0.29,-0.33,-0.32,5.11,14.89,34.3,24.22,3.11,38.5,33,7.78,71.4,51.4,16.67,1.11,6.7,1.11,1.11,14.8,Matches
4,Alisson,br BRA,GK,Liverpool,eng Premier League,29,1992,37,1.16,0.05,0,0,0.05,1.38,0.33,0.27,0.27,3.14,7.65,41,33.95,5.68,18.4,26.9,5.22,26.9,31.3,10.73,0.62,5.8,2.41,2.41,19.8,Matches
5,Alphonse Areola,fr FRA,GK,West Ham,eng Premier League,29,1993,3.4,2.06,0.59,0,0.29,0,2.15,0.33,0.09,0.09,4.12,10.88,37.8,17.94,4.12,39.3,33.4,8.82,43.3,33,13.82,0.59,4.3,0.29,0.29,10.3,Matches
6,Kepa Arrizabalaga,es ESP,GK,Chelsea,eng Premier League,27,1994,28.5,1.16,0.04,0.04,0.14,0.11,1.23,0.29,0.18,0.18,2.39,7.47,31.9,30.32,5.3,17.1,26.3,6.39,35.7,31.5,11.65,0.53,4.5,1.82,1.82,16.9,Matches
7,Sergio Asenjo,es ESP,GK,Valladolid,es La Liga,33,1989,10,2.1,0.1,0.1,0,0,1.68,0.31,-0.42,-0.42,5.8,16.2,35.8,26,4.6,38.8,35.8,9.2,66.3,51.2,16.6,0.5,3,1.7,1.7,16.1,Matches
8,Emil Audero,it ITA,GK,Sampdoria,it Serie A,25,1997,25,1.56,0.2,0,0.16,0.08,1.29,0.21,-0.19,-0.19,6.36,17.64,36.1,28.56,4.16,45.8,39.1,8,57,44.2,14.24,0.96,6.7,0.92,0.92,13.9,Matches
9,Édgar Badía,es ESP,GK,Elche,es La Liga,30,1992,36,1.75,0.19,0,0.11,0.06,1.93,0.31,0.24,0.24,5.31,11.72,45.3,21.44,4.61,33.8,34.2,8.22,54.4,41.7,15.94,0.58,3.7,0.56,0.56,12.7,Matches
10,Francesco Bardi,it ITA,GK,Bologna,it Serie A,30,1992,1,0,0,0,0,0,0.6,0.16,0.6,0.56,5,9,55.6,13,5,38.5,35.6,9,44.4,33.4,10,0,0,0,0,0,Matches
11,Oliver Baumann,de GER,GK,Hoffenheim,de Bundesliga,32,1990,34,1.68,0.06,0.03,0.32,0.03,1.48,0.31,-0.16,-0.16,6.06,15.44,39.2,34.24,4.94,35.3,33.6,7.32,45.8,39.3,15.56,1.26,8.1,1.26,1.26,13.4,Matches
12,Gavin Bazunu,ie IRL,GK,Southampton,eng Premier League,20,2002,32,1.75,0.03,0.03,0.22,0.12,1.11,0.28,-0.52,-0.52,6.62,19.66,33.7,29.22,4.5,50.2,38.1,7.41,67.5,50,14.25,1.12,7.9,1.5,1.5,15.1,Matches
13,Asmir Begović,ba BIH,GK,Everton,eng Premier League,35,1987,1,0,0,0,0,0,0.5,0.12,0.5,0.49,4,13,30.8,22,5,36.4,34.9,8,62.5,46.8,23,1,4.3,0,0,5,Matches
14,Daniel Bentley,eng ENG,GK,Wolves,eng Premier League,29,1993,2,1.5,0,0,0,0,1.95,0.3,0.45,0.44,5,14.5,34.5,28.5,7,38.6,32.9,11.5,30.4,32.2,18.5,2.5,13.5,0.5,0.5,8.3,Matches
15,Paul Bernardoni,fr FRA,GK,Angers,fr Ligue 1,25,1997,27,2.3,0.3,0.04,0.22,0.11,1.9,0.31,-0.28,-0.28,3.48,10.78,32.3,17.74,4.59,39.5,34.6,6.85,55.1,42.6,13.22,0.78,5.9,0.67,0.67,11.4,Matches
16,Marco Bizot,nl NED,GK,Brest,fr Ligue 1,31,1991,37,1.46,0.19,0.03,0.3,0.05,1.48,0.26,0.08,0.08,5.35,12.89,41.5,21.78,4.41,38.2,35.5,7.81,58.5,43.9,14.05,0.81,5.8,0.68,0.68,11.6,Matches
17,Rubén Blanco,es ESP,GK,Marseille,fr Ligue 1,27,1995,5.5,1.09,0,0,0.18,0.36,0.71,0.2,-0.02,-0.02,2,8.55,23.4,30,5.64,20.6,27.4,7.45,31.7,32.1,13.27,0.55,4.1,1.27,1.27,17.9,Matches
18,Janis Blaswich,de GER,GK,RB Leipzig,de Bundesliga,31,1991,26,1.12,0.23,0,0.08,0,1.03,0.27,-0.08,-0.08,2.27,7.27,31.2,37.88,4.85,14.9,25.3,6,26.9,30,11.08,0.77,6.9,1.5,1.5,17,Matches
19,Joaquín Blázquez,ar ARG,GK,Brest,fr Ligue 1,21,2001,1,0,0,0,0,0,0.2,0.06,0.2,0.17,8,13,61.5,18,3,61.1,45.7,11,18.2,26.3,11,2,18.2,0,0,3.5,Matches
20,Yassine Bounou,ma MAR,GK,Sevilla,es La Liga,31,1991,23.9,1.72,0.08,0.04,0.13,0.08,1.56,0.34,-0.07,-0.07,4.81,12.68,38,32.85,3.85,27.9,30.9,6.78,51.9,42.1,12.89,0.84,6.5,1.63,1.63,17.4,Matches
21,Claudio Bravo,cl CHI,GK,Betis,es La Liga,39,1983,12,0.75,0.08,0,0.08,0,0.92,0.24,0.17,0.17,6.25,18.75,33.3,24,3.5,51.7,39.6,8.42,75.2,52.5,17.75,0.33,1.9,0.5,0.5,12.1,Matches
22,Fabian Bredlow,de GER,GK,Stuttgart,de Bundesliga,27,1995,15,1.53,0.33,0,0.2,0.07,1.34,0.26,-0.13,-0.13,3.67,8.6,42.6,33.53,5.73,20.3,27.6,6.07,29.7,33.5,13.53,0.8,5.9,1,1,15.2,Matches
23,Marcin Bułka,pl POL,GK,Nice,fr Ligue 1,22,1999,2,1,0,0,0,0,1.55,0.52,0.55,0.56,4,10,40,24.5,5.5,20.4,28.1,9,55.6,44.2,13,1,7.7,1.5,1.5,13.8,Matches
24,Juan Carlos,es ESP,GK,Girona,es La Liga,34,1988,10,1.8,0.2,0.2,0.1,0,1.67,0.35,-0.13,-0.13,2.3,6.4,35.9,27.8,5.1,17.6,28.7,6.2,24.2,30.3,12,0.6,5,2.1,2.1,16.9,Matches
25,Marco Carnesecchi,it ITA,GK,Cremonese,it Serie A,22,2000,27,1.74,0.07,0.11,0.26,0.04,1.64,0.28,-0.07,-0.07,5.81,19.37,30,27.59,5,52.2,41.4,7.52,66,53.1,14.89,1.07,7.2,1.07,1.07,14.1,Matches
26,Matis Carvalho,pt POR,GK,Montpellier,fr Ligue 1,23,1999,1.5,2,0,0,0,0,1.27,0.24,-0.73,-0.7,9.33,28.67,32.6,25.33,2.67,78.9,49.4,9.33,92.9,61.4,25.33,1.33,5.3,0,0,8.3,Matches
27,Koen Casteels,be BEL,GK,Wolfsburg,de Bundesliga,30,1992,34,1.41,0.12,0,0.15,0.09,1.29,0.27,-0.03,-0.03,7.56,17.29,43.7,39,5.38,33.3,33.7,7.59,57,47.5,14.38,0.85,5.9,1.5,1.5,16.5,Matches
28,Michele Cerofolini,it ITA,GK,Fiorentina,it Serie A,23,1999,5,0.6,0.2,0,0,0,0.68,0.22,0.08,0.09,4.8,14,34.3,33.4,5.4,34.7,33.3,5.6,42.9,38.1,5.8,0.2,3.4,0.6,0.6,13.8,Matches
29,Leonardo César Jardim,br BRA,GK,Lille,fr Ligue 1,27,1995,6,2.17,0.33,0,0,0,0,0,0,0,0,0,0,0,0,0,0,0,0,0,0,0,0,0,0,0,Matches
30,Lucas Chevalier,fr FRA,GK,Lille,fr Ligue 1,20,2001,32,0.97,0.06,0.06,0.03,0.09,0.95,0.27,0.08,0.08,2.38,8.81,27,28.22,3.78,26.2,29.4,3.28,42.9,37.2,9.94,0.69,6.9,0.78,0.78,13.5,Matches
31,Oliver Christensen,dk DEN,GK,Hertha BSC,de Bundesliga,23,1999,33,2.06,0.15,0.12,0.24,0,1.75,0.33,-0.31,-0.31,6.18,17.76,34.8,29.61,5.03,42.5,35.9,7.12,72.8,54.3,14.73,1,6.8,2.12,2.12,18.8,Matches
32,Andrea Consigli,it ITA,GK,Sassuolo,it Serie A,35,1987,35,1.57,0.09,0,0.14,0.06,1.1,0.31,-0.41,-0.41,5.03,12.46,40.4,32.57,5.34,30.4,33.3,8.14,31.2,32.5,13.34,0.8,6,0.8,0.8,14.2,Matches
33,Alex Cordaz,it ITA,GK,Inter,it Serie A,39,1983,0.3,0,0,0,0,0,1.67,0.26,1.67,1.77,3.33,23.33,14.3,50,10,26.7,33.5,16.67,60,52,23.33,0,0,0,0,0,Matches
34,Benoît Costil,fr FRA,GK,Auxerre,fr Ligue 1,35,1987,19,2.16,0.16,0,0.16,0,1.79,0.33,-0.37,-0.37,6.95,15.37,45.2,23.89,3.79,41.9,36.8,7.21,74.5,51.7,15,0.16,1.1,0.58,0.58,13.1,Matches
35,Thibaut Courtois,be BEL,GK,Real Madrid,es La Liga,30,1992,31,0.94,0.13,0,0.03,0,0.96,0.22,0.02,0.02,2.68,6.9,38.8,31.68,6.26,18.4,27.7,4.9,21.7,29.5,11.81,1.03,8.7,1.29,1.29,15.4,Matches
36,Alessio Cragno,it ITA,GK,Monza,it Serie A,28,1994,1,3,0,0,0,0,1.7,0.35,-1.3,-1.33,2,4,50,25,4,12,22.6,6,16.7,33.3,7,0,0,2,2,25.7,Matches
37,Finn Dahmen,de GER,GK,Mainz 05,de Bundesliga,24,1998,8,2,0.12,0,0.38,0,1.69,0.25,-0.31,-0.32,6,17.38,34.5,28.25,4.75,42.9,36.6,6.75,77.8,54.5,19.75,2.12,10.8,1,1,13.8,Matches
38,Rémy Descamps,fr FRA,GK,Nantes,fr Ligue 1,26,1996,1,1,0,0,0,0,1.5,0.25,0.5,0.48,5,9,55.6,20,9,25,33.2,6,66.7,46.5,11,1,9.1,0,0,7,Matches
39,Michele Di Gregorio,it ITA,GK,Monza,it Serie A,25,1997,37,1.32,0.08,0.03,0.11,0.03,1.32,0.28,0.02,0.02,4.49,12.86,34.9,34.19,6.38,30.4,32.2,6.68,37.2,34.9,14.62,0.38,2.6,0.86,0.86,13.4,Matches
40,Mory Diaw,sn SEN,GK,Clermont Foot,fr Ligue 1,29,1993,37,1.27,0.22,0,0.14,0,1.5,0.28,0.23,0.23,6.35,16.24,39.1,32.68,4.68,40,37,6.89,45.9,40.4,12.54,0.92,7.3,0.68,0.68,11.5,Matches
41,Stole Dimitrievski,mk MKD,GK,Rayo Vallecano,es La Liga,28,1993,36.9,1.33,0.11,0,0.24,0.11,1.2,0.3,-0.02,-0.02,4.12,14.55,28.3,22.11,5.39,45,38.6,8.1,56.9,46.7,13.55,0.65,4.8,1.41,1.41,16.1,Matches
42,Yehvann Diouf,fr FRA,GK,Reims,fr Ligue 1,22,1999,31,1,0.03,0.06,0.06,0.03,1.19,0.27,0.23,0.22,4.39,9.94,44.2,28.19,6.16,28.3,31.8,5.97,33,34.3,13.87,1.29,9.3,1.13,1.13,12.7,Matches
43,Ouparine Djoco,sn SEN,GK,Clermont Foot,fr Ligue 1,24,1998,1,2,0,0,0,0,1,0.34,-1,-0.97,3,17,17.6,30,4,40,33.6,10,50,31.7,14,1,7.1,5,5,21.3,Matches
44,Marko Dmitrović,rs SRB,GK,Sevilla,es La Liga,30,1992,14.1,0.92,0,0,0.14,0.07,0.87,0.23,0.01,0.02,7.3,23.12,31.6,26.38,3.12,58.1,44,9.29,84,62.4,15.32,0.85,5.6,0.71,0.71,12.2,Matches
45,Gianluigi Donnarumma,it ITA,GK,Paris S-G,fr Ligue 1,23,1999,37.9,1.06,0.05,0.03,0.08,0.03,1.14,0.26,0.11,0.11,1.42,3.91,36.5,19.21,4.41,15,23.9,5.46,18.8,24.1,11.5,0.87,7.6,0.71,0.71,12.1,Matches
46,Bartłomiej Drągowski,pl POL,GK,Spezia,it Serie A,24,1997,32.7,1.65,0.12,0.03,0.21,0.09,1.41,0.25,-0.15,-0.15,4.62,14.74,31.3,29.82,4.86,37.6,34.6,5.99,58.7,46.5,14.43,0.4,2.8,0.98,0.98,14.1,Matches
47,Martin Dúbravka,sk SVK,GK,Newcastle Utd,eng Premier League,33,1989,1.7,0.59,0,0,0,0.59,1.12,0.21,1.12,1.07,3.53,5.88,60,22.94,8.24,10.3,20.7,8.82,40,35.3,17.65,0.59,3.3,0,0,12.4,Matches
48,Maxime Dupé,fr FRA,GK,Toulouse,fr Ligue 1,29,1993,38,1.5,0.11,0.05,0.21,0.08,1.43,0.28,0.01,0.01,3.58,9.55,37.5,26.47,4.63,24.4,29.5,6.95,44.7,37.2,13.61,0.79,5.8,0.55,0.55,10.1,Matches
49,Ederson,br BRA,GK,Manchester City,eng Premier League,28,1993,35,0.91,0.09,0.03,0.11,0.03,0.75,0.3,-0.14,-0.14,3.34,7.51,44.5,31.54,4.2,19.6,28,4.34,30.9,32.3,8.17,0.54,6.6,0.94,0.94,15.7,Matches
50,Tjark Ernst,de GER,GK,Hertha BSC,de Bundesliga,19,2003,1,1,0,0,0,0,2.5,0.36,1.5,1.52,5,13,38.5,22,6,27.3,31.2,13,53.8,43.1,18,0,0,0,0,3.5,Matches
51,Łukasz Fabiański,pl POL,GK,West Ham,eng Premier League,37,1985,34.6,1.39,0.06,0,0.09,0.03,1.33,0.28,-0.03,-0.03,5.72,14.91,38.4,19.57,4.42,54.2,39.3,7.2,59.8,44.8,14.8,0.84,5.7,0.72,0.72,13,Matches
52,Ralf Fährmann,de GER,GK,Schalke 04,de Bundesliga,33,1988,11.4,1.14,0.09,0,0.09,0.09,1.09,0.21,0.04,0.04,8.68,19.04,45.6,31.4,4.39,45,36.8,7.28,67.5,48.9,14.21,0.96,6.8,0.79,0.79,11.6,Matches
53,Wladimiro Falcone,it ITA,GK,Lecce,it Serie A,27,1995,38,1.21,0.13,0.05,0.16,0.08,1.14,0.24,0.01,0.01,5.11,18.97,26.9,23.05,3.76,56.8,42.1,7.42,79.1,53.5,14.05,0.61,4.3,1.11,1.11,14.1,Matches
54,Aitor Fernández,es ESP,GK,Osasuna,es La Liga,31,1991,21,0.9,0,0,0,0.05,0.84,0.24,-0.01,-0.01,9.1,20.86,43.6,29.29,4.14,50.9,41.1,8.29,71.8,54.2,15.19,0.67,4.4,1.76,1.76,16.3,Matches
55,Álvaro Fernández,es ESP,GK,Espanyol,es La Liga,24,1998,11,1.64,0,0,0.36,0.09,1.38,0.31,-0.16,-0.17,9.45,20.09,47.1,23,3.36,55.7,42.5,9.36,77.7,54.8,13.91,0.45,3.3,1.36,1.36,16.3,Matches
56,Fernando,es ESP,GK,Almería,es La Liga,32,1990,36.5,1.67,0.11,0.03,0.11,0.03,1.66,0.29,0.01,0.01,5.45,15.26,35.7,26.49,5.78,39.1,36.9,9.34,52.5,42.9,16.82,1.07,6.4,0.71,0.71,12.4,Matches
57,Vincenzo Fiorillo,it ITA,GK,Salernitana,it Serie A,32,1990,1,2,0,0,0,0,1.9,0.49,-0.1,-0.05,7,15,46.7,19,3,57.9,37.9,5,80,56.2,7,1,14.3,0,0,6,Matches
58,Mark Flekken,nl NED,GK,Freiburg,de Bundesliga,29,1993,34,1.29,0.15,0,0.12,0,1.36,0.28,0.07,0.07,7.97,19.56,40.8,36.21,3.56,40.2,37.6,6.79,73.6,58,12.76,0.94,7.4,1.26,1.26,15,Matches
59,Yahia Fofana,fr FRA,GK,Angers,fr Ligue 1,21,2000,11,1.73,0.09,0,0.27,0.09,1.49,0.27,-0.15,-0.14,3,11.36,26.4,23.27,6.36,35.2,33.6,6.27,50.7,41.7,13,1.55,11.9,0.82,0.82,11.8,Matches
60,Fraser Forster,eng ENG,GK,Tottenham,eng Premier League,34,1988,13.5,1.78,0.15,0.07,0.3,0,1.58,0.34,-0.2,-0.2,2.67,9.19,29,19.93,5.26,29,30.2,6.89,49.5,37.6,14.3,0.37,2.6,1.19,1.19,15.2,Matches
61,Gauthier Gallon,fr FRA,GK,Troyes,fr Ligue 1,29,1993,29.6,2.2,0.17,0,0.27,0.07,1.85,0.29,-0.27,-0.27,3.61,13.21,27.4,23.89,4.86,35.2,33.2,8.14,58.9,44.4,16.76,1.11,6.7,0.3,0.3,8.8,Matches
62,Joan García,es ESP,GK,Espanyol,es La Liga,21,2001,1,3,1,0,0,0,1.8,0.21,-1.2,-1.16,2,6,33.3,27,4,14.8,21.7,3,66.7,47.3,16,2,12.5,1,1,13,Matches
63,Paulo Gazzaniga,ar ARG,GK,Girona,es La Liga,30,1992,28,1.32,0.14,0,0.14,0,1.62,0.33,0.3,0.3,5.21,14.29,36.5,29.36,5.04,31.1,32.4,8.64,59.5,47.9,17.04,1.32,7.8,1.36,1.36,15.1,Matches
64,David de Gea,es ESP,GK,Manchester Utd,eng Premier League,31,1990,38,1.13,0.05,0.05,0.16,0.03,1.09,0.27,-0.02,-0.02,3.71,11.82,31.4,27.16,3.37,32.6,32.3,4.71,63.1,47.1,13.84,0.39,2.9,0.84,0.84,14.8,Matches
65,Rafał Gikiewicz,pl POL,GK,Augsburg,de Bundesliga,34,1987,23,1.78,0.04,0.04,0.17,0,1.8,0.28,0.01,0.01,8.04,19.65,40.9,39.83,5.52,33.3,33,10.17,62.8,48.9,15.78,0.91,5.8,1.96,1.96,16.7,Matches
66,David Gil,es ESP,GK,Cádiz,es La Liga,28,1994,4,1.25,0.25,0,0.25,0,1.58,0.23,0.32,0.32,8.5,23.5,36.2,23.25,3.75,64.5,46.4,9,94.4,65.1,14,0.5,3.6,1,1,13.6,Matches
67,Pierluigi Gollini,it ITA,GK,Fiorentina,it Serie A,27,1995,3,0.67,0,0,0.33,0,0.57,0.21,-0.1,-0.1,4.33,12.67,34.2,38.33,5.67,27,32.4,3.67,63.6,49.3,8,0.33,4.2,0,0,9.3,Matches
68,Pierluigi Gollini,it ITA,GK,Napoli,it Serie A,27,1995,4,1,0,0,0.25,0,0.78,0.19,-0.22,-0.23,3.75,9,41.7,32,6,20.3,29.6,7.75,32.3,32.2,14,0.5,3.6,1,1,18.8,Matches
69,Antonio Gomis,es ESP,GK,Atlético Madrid,es La Liga,19,2003,0.1,10,0,0,0,0,6,0.64,-4,-5.35,0,30,0,20,0,100,58.5,10,100,94,30,0,0,0,0,1,Matches
70,Ivo Grbić,hr CRO,GK,Atlético Madrid,es La Liga,26,1996,10.2,1.18,0.29,0,0.39,0,1.35,0.23,0.18,0.17,4.51,14.51,31.1,22.55,4.9,37.4,34.1,9.71,62.6,47.4,20.98,2.25,10.7,0.69,0.68,9.2,Matches
71,Dominik Greif,sk SVK,GK,Mallorca,es La Liga,25,1997,1,3,0,0,0,0,2.2,0.28,-0.8,-0.76,19,34,55.9,23,2,87,54.9,15,93.3,64.5,19,2,10.5,0,0,4,Matches
72,Lennart Grill,de GER,GK,Union Berlin,de Bundesliga,23,1999,5,2.2,0.4,0,0.2,0,1.8,0.28,-0.4,-0.41,9.6,21.6,44.4,39.4,5.6,48.2,37.1,3.4,76.5,55.2,9.4,1.6,17,1.4,1.4,15.1,Matches
73,Vicente Guaita,es ESP,GK,Crystal Palace,eng Premier League,35,1987,27,1.26,0.07,0,0.15,0.07,1.2,0.26,0.01,0.01,4.26,11.85,35.9,23.52,5.19,34.5,32.3,7.63,49,37.4,15.19,0.96,6.3,0.96,0.96,13.1,Matches
74,Péter Gulácsi,hu HUN,GK,RB Leipzig,de Bundesliga,32,1990,6,1.67,0.17,0,0.33,0.17,1.68,0.37,0.18,0.19,1.83,6.17,29.7,29.83,6.17,15.6,26.4,6,25,29.6,10.17,0.5,4.9,1.67,1.67,19.4,Matches
75,Samir Handanović,si SVN,GK,Inter,it Serie A,38,1984,13.7,1.31,0.07,0,0.07,0.07,1.09,0.27,-0.15,-0.14,3.28,6.35,51.7,37.08,5.18,15.6,24.7,5.18,11.3,25.5,10.88,0.15,1.3,0.73,0.73,15.4,Matches
76,Dean Henderson,eng ENG,GK,Nott'ham Forest,eng Premier League,25,1997,18,1.72,0.11,0.06,0.28,0,1.49,0.28,-0.23,-0.23,6,18.56,32.3,28.5,5.94,47.2,38.5,8.67,59,45.3,16.17,1.11,6.9,1.5,1.5,15.6,Matches
77,Wayne Hennessey,wls WAL,GK,Nott'ham Forest,eng Premier League,35,1987,3,1.67,0,0,0.33,0,1.3,0.28,-0.37,-0.36,7.67,19.33,39.7,24,4.33,54.2,43.2,8.33,76,54.5,11.67,0.33,2.9,0.67,0.66,17,Matches
78,Sergio Herrera,es ESP,GK,Osasuna,es La Liga,29,1993,17,1.35,0.06,0.06,0.18,0.06,1.26,0.28,-0.04,-0.04,8.88,20.65,43,27.94,3.41,56,42.7,7.94,63,48.3,12.65,0.94,7.4,1.18,1.18,18.5,Matches
79,Lukáš Hrádecký,fi FIN,GK,Leverkusen,de Bundesliga,32,1989,33,1.42,0.21,0.03,0.15,0.06,1.25,0.25,-0.11,-0.11,3.55,11.3,31.4,27.24,4.48,31.3,32,6.12,45.5,38.7,12.24,0.82,6.7,0.79,0.79,14.1,Matches
80,Daniel Iversen,dk DEN,GK,Leicester City,eng Premier League,25,1997,12,1.83,0.17,0.17,0.17,0.08,1.58,0.29,-0.18,-0.18,3.17,16.17,19.6,21.75,4.08,47.1,37.2,9.5,62.3,46.2,16.92,1.33,7.9,0.5,0.5,10.3,Matches
81,Jan Jakob Olschowsky,de GER,GK,M'Gladbach,de Bundesliga,20,2001,4,2.75,0.25,0,0.25,0,2.85,0.39,0.1,0.09,2.75,9.25,29.7,30.75,6.25,28.5,30.5,9,5.6,20.9,14.75,1.5,10.2,1,1,12.9,Matches
82,Sam Johnstone,eng ENG,GK,Crystal Palace,eng Premier League,29,1993,9,1.11,0.22,0,0.44,0.11,1.11,0.24,0.11,0.11,3.33,11,30.3,25.89,4.56,31.8,31.8,5.11,54.3,42.8,11.56,0.22,1.9,1.22,1.22,15.4,Matches
83,Filip Jörgensen,dk DEN,GK,Villarreal,es La Liga,20,2002,2,1.5,0,0,0,0,1.15,0.39,-0.35,-0.34,0,2,0,22,4.5,9.1,22.8,5.5,0,17.5,9,1,11.1,2,2,13.3,Matches
84,Bingourou Kamara,sn SEN,GK,Montpellier,fr Ligue 1,25,1996,4.5,2.44,0.22,0,0.44,0,2.02,0.29,-0.42,-0.41,4,12.67,31.6,21.11,4.22,42.1,35.4,7.78,48.6,39.9,11.56,0.67,5.8,0.44,0.44,11.2,Matches
85,Caoimhín Kelleher,ie IRL,GK,Liverpool,eng Premier League,23,1998,1,4,0,0,0,0,2.9,0.34,-1.1,-1.06,2,2,100,22,7,9.1,24.3,2,0,20.5,3,0,0,0,0,9,Matches
86,Gregor Kobel,ch SUI,GK,Dortmund,de Bundesliga,24,1997,27,1.19,0.04,0,0.19,0.04,1.25,0.29,0.1,0.1,3.7,9.33,39.7,31.67,4.52,20.9,28.9,7.11,38,36.5,10.93,0.56,5.1,1.37,1.37,17.1,Matches
87,Tomáš Koubek,cz CZE,GK,Augsburg,de Bundesliga,29,1992,11,2,0,0.09,0,0.18,2,0.36,0.18,0.19,7,20.45,34.2,37.64,4.36,37.9,36.5,8.73,70.8,52.5,16,0.91,5.7,2,2,16.8,Matches
88,Alban Lafont,fr FRA,GK,Nantes,fr Ligue 1,23,1999,37,1.46,0.24,0.03,0.16,0.11,1.48,0.26,0.13,0.13,5.11,13.95,36.6,25.46,5.46,37.2,35.5,6.68,67.2,49.3,13.32,1.14,8.5,1.05,1.05,12.3,Matches
89,Jean-Louis Leca,fr FRA,GK,Lens,fr Ligue 1,36,1985,1,1,0,0,0,0,1.6,0.4,0.6,0.6,9,14,64.3,29,5,44.8,36.8,10,10,20.4,20,1,5,0,0,8.2,Matches
90,Benjamin Lecomte,fr FRA,GK,Espanyol,es La Liga,31,1991,10,1.4,0,0,0.2,0.1,1.04,0.26,-0.26,-0.26,7.2,16,45,19.2,2.5,57.3,43.1,8,62.5,47,14.6,0.4,2.7,1.1,1.1,15.3,Matches
91,Benjamin Lecomte,fr FRA,GK,Montpellier,fr Ligue 1,31,1991,19,1.16,0.11,0,0.11,0,1.55,0.29,0.39,0.4,6.11,16.95,36,25,3.79,46.9,37.8,8.68,60,44.2,14.37,0.79,5.5,0.68,0.68,10.8,Matches
92,Jeremías Ledesma,ar ARG,GK,Cádiz,es La Liga,29,1993,34,1.41,0.24,0.03,0.18,0,1.39,0.22,-0.03,-0.03,6.94,21.62,32.1,24.24,3.97,58.5,44.9,8.38,88.8,64.1,17.5,1.24,7.1,0.76,0.76,10.8,Matches
93,Bernd Leno,de GER,GK,Fulham,eng Premier League,30,1992,36,1.42,0.19,0.03,0.22,0.06,1.61,0.27,0.25,0.25,3.44,10.86,31.7,32.03,5.28,26,30,6.72,37.6,36,12.89,0.97,7.5,1.28,1.28,15,Matches
94,Donovan Léon,gf GUF,GK,Auxerre,fr Ligue 1,29,1992,2,1,0.5,0,0,0,0.95,0.13,-0.05,-0.03,9.5,28.5,33.3,27.5,4,63.6,46.4,12,91.7,66.1,20.5,0,0,1,1,12.9,Matches
95,Benjamin Leroy,fr FRA,GK,Ajaccio,fr Ligue 1,33,1989,31.1,1.93,0.26,0.03,0.32,0.03,1.53,0.3,-0.36,-0.36,6.85,16.78,40.8,21.13,2.48,52.4,38.5,6.82,84,52.1,12.51,0.58,4.6,1.74,1.74,16.9,Matches
96,Alexandre Letellier,fr FRA,GK,Paris S-G,fr Ligue 1,31,1990,0.1,0,0,0,0,0,0,0,0,0,0,0,0,30,0,0,19,10,0,11,10,0,0,0,0,0,Matches
97,Mateusz Lis,pl POL,GK,Troyes,fr Ligue 1,25,1997,8.3,1.93,0.24,0,0.24,0,1.98,0.28,0.05,0.05,4.7,15.3,30.7,28.31,4.94,38.7,35.2,9.4,46.2,37.4,18.55,1.45,7.8,1.57,1.56,14.4,Matches
98,Hugo Lloris,fr FRA,GK,Tottenham,eng Premier League,35,1986,24.5,1.59,0.04,0,0.12,0.04,1.38,0.29,-0.17,-0.17,3.14,8.9,35.3,22,4.45,31.7,31.4,7.59,25.3,25.8,13.14,0.82,6.2,1.18,1.18,13.8,Matches
99,Anthony Lopes,pt POR,GK,Lyon,fr Ligue 1,31,1990,31.3,1.25,0.22,0.06,0.16,0.06,1.32,0.27,0.14,0.14,3.64,10.13,36,26.77,4.28,31.3,31.9,5.85,30.1,31.8,11.44,0.61,5.3,0.8,0.8,13.9,Matches
100,Diego López,es ESP,GK,Rayo Vallecano,es La Liga,40,1981,1.1,3.64,0,0,1.82,0,1.55,0.33,-2.09,-2.19,1.82,7.27,25,19.09,4.55,28.6,30.3,7.27,25,35.3,10.91,0,0,1.82,1.88,17,Matches
101,Pau López,es ESP,GK,Marseille,fr Ligue 1,27,1994,32.5,1.05,0.15,0,0.18,0.03,1.04,0.24,0.02,0.02,3.45,9.97,34.6,28.95,4.06,25.1,31,5.29,51.2,40.4,11.38,0.68,5.9,1.14,1.14,15.4,Matches
102,Andriy Lunin,ua UKR,GK,Real Madrid,es La Liga,23,1999,7,1,0,0,0.14,0.14,0.64,0.25,-0.21,-0.21,2,3.86,51.9,27.14,5.14,7.9,23.3,5.29,32.4,35.6,7.71,0.14,1.9,1.57,1.57,21.7,Matches
103,Andrey Lunyov,ru RUS,GK,Leverkusen,de Bundesliga,30,1991,1,2,0,0,0,0,1.4,0.35,-0.6,-0.61,4,10,40,41,7,24.4,30.3,3,0,15.3,6,1,16.7,1,1,13,Matches
104,Mike Maignan,fr FRA,GK,Milan,it Serie A,27,1995,22,0.95,0.09,0.05,0.09,0,0.92,0.28,-0.03,-0.03,3.45,8.77,39.4,32.95,5.41,22.8,29.8,3.86,32.9,35.1,10.05,0.68,6.8,1.45,1.46,17.8,Matches
105,Giorgi Mamardashvili,ge GEO,GK,Valencia,es La Liga,21,2000,38,1.18,0.05,0,0.18,0.05,1.13,0.28,0,0,4.66,13.74,33.9,22.18,3.74,40.8,35.1,6.29,74.5,54.2,12.03,0.92,7.7,1.24,1.24,16.3,Matches
106,Steve Mandanda,fr FRA,GK,Rennes,fr Ligue 1,37,1985,33.5,0.93,0.06,0,0.15,0.03,0.97,0.28,0.07,0.07,4.87,12.54,38.8,30.51,4.96,30.6,31.5,5.73,55.7,41.5,11.4,1.04,9.2,1.52,1.52,16.7,Matches
107,Vito Mannone,it ITA,GK,Lorient,fr Ligue 1,34,1988,17.9,1.34,0.06,0.11,0.11,0,1.41,0.29,0.07,0.07,3.13,9.83,31.8,26.31,5.64,25.9,29.5,6.26,48.2,37.5,19.22,0.67,3.5,0.5,0.5,10.6,Matches
108,Agustín Marchesín,ar ARG,GK,Celta Vigo,es La Liga,34,1988,19,1.53,0.11,0.05,0.21,0.05,1.09,0.24,-0.38,-0.38,5.42,14.05,38.6,26.32,3.95,39.8,35.3,6.89,51.9,42.9,13.32,0.74,5.5,1.32,1.32,18.1,Matches
109,Federico Marchetti,it ITA,GK,Spezia,it Serie A,39,1983,0.7,2.86,0,0,0,0,2.14,0.48,-0.71,-0.74,2.86,5.71,50,14.29,2.86,10,24.3,11.43,37.5,32.4,11.43,0,0,1.43,1.36,22,Matches
110,Diego Mariño,es ESP,GK,Almería,es La Liga,32,1990,0.5,4,0,0,0,0,2.8,0.28,-1.2,-1.25,4,6,66.7,6,2,33.3,35.7,10,40,45.6,24,0,0,0,0,7,Matches
111,Emiliano Martínez,ar ARG,GK,Aston Villa,eng Premier League,29,1992,34.9,1.09,0.11,0.03,0.17,0.11,1.05,0.24,0.07,0.07,5.7,14.99,38,33.55,3.87,35.5,33,6.07,50.5,40.7,13.84,1.72,12.4,2.09,2.09,16.6,Matches
112,Jordi Masip,es ESP,GK,Valladolid,es La Liga,33,1989,27.9,1.51,0.18,0,0,0.04,1.64,0.27,0.17,0.17,4.77,13.94,34.2,25.88,4.34,36.8,35.9,8.57,51.5,41.9,14.19,0.54,3.8,0.5,0.5,12.7,Matches
113,Luís Maximiano,pt POR,GK,Lazio,it Serie A,23,1999,0.1,0,0,0,0,0,0,0,0,0,20,30,66.7,0,10,0,0,0,0,0,0,0,0,0,0,19,Matches
114,Alex McCarthy,eng ENG,GK,Southampton,eng Premier League,32,1989,6,2.83,0.17,0,0.17,0.17,1.82,0.34,-0.85,-0.84,3.67,18.83,19.5,32.33,4.83,48.5,36.5,8.67,36.5,31,15.33,1,6.5,1.17,1.17,13.5,Matches
115,Edouard Mendy,sn SEN,GK,Chelsea,eng Premier League,30,1992,9.5,1.47,0,0,0.42,0,1.25,0.33,-0.22,-0.22,2.84,8.11,35.1,23.79,4.95,22.1,27.6,6.63,42.9,34.4,13.47,0.95,7,1.16,1.16,13.7,Matches
116,Alex Meret,it ITA,GK,Napoli,it Serie A,25,1997,34,0.71,0.03,0,0.03,0,0.74,0.25,0.03,0.03,1.65,4.26,38.6,21.56,3.56,14.3,26.1,5.82,20.2,26.9,9.85,0.32,3.3,1.15,1.15,17,Matches
117,Illan Meslier,fr FRA,GK,Leeds United,eng Premier League,22,2000,34,1.97,0.09,0.03,0.21,0.03,1.58,0.32,-0.36,-0.36,3.12,13.21,23.6,23.35,5.71,39.4,33.7,7.12,56.2,43.5,12.71,1,7.9,1.94,1.94,15.8,Matches
118,Alexander Meyer,de GER,GK,Dortmund,de Bundesliga,31,1991,7,1.71,0,0,0.29,0,1.13,0.25,-0.59,-0.58,3.43,8.57,40,39.71,5,16.2,27.3,6.29,34.1,35,13,1.14,8.8,2.57,2.57,19.8,Matches
119,Vanja Milinković-Savić,rs SRB,GK,Torino,it Serie A,25,1997,38,1.08,0.13,0,0.16,0,0.94,0.23,-0.14,-0.14,7.5,24.71,30.4,39.63,4.87,45,39.7,7.53,91.3,70,12.34,0.95,7.7,1.84,1.84,16.2,Matches
120,Antonio Mirante,it ITA,GK,Milan,it Serie A,39,1983,0,0,0,0,0,0,0,0,0,0,0,0,0,0,0,0,27,0,0,15,0,0,0,0,0,0,Matches
121,Lorenzo Montipò,it ITA,GK,Hellas Verona,it Serie A,26,1996,37,1.59,0.03,0.03,0.11,0.08,1.34,0.27,-0.17,-0.17,9.73,20.95,46.5,24.46,3.35,62.9,44.3,7.68,72.5,52.1,13.41,0.7,5.2,1.49,1.49,15.3,Matches
122,Florian Müller,de GER,GK,Stuttgart,de Bundesliga,24,1997,19,1.79,0.05,0.11,0.16,0,1.43,0.3,-0.36,-0.36,5.16,11.16,46.2,31.53,5.16,26.9,29.2,7,38.3,36.6,13.68,0.32,2.3,1.47,1.47,18.9,Matches
123,Juan Musso,ar ARG,GK,Atalanta,it Serie A,28,1994,23.1,1.17,0.09,0,0.13,0.09,0.94,0.23,-0.14,-0.14,4.72,11.95,39.5,23.68,6.58,32.5,32.1,6.8,62.4,48.6,10.95,0.61,5.5,1.04,1.04,15.6,Matches
124,Yvon Mvogo,ch SUI,GK,Lorient,fr Ligue 1,28,1994,20.1,1.44,0.05,0,0.2,0.05,1.35,0.27,-0.04,-0.04,4.28,11.34,37.7,23.53,4.23,34,32.1,7.21,46.2,36.6,18.96,1.04,5.5,0.35,0.35,8.5,Matches
125,Keylor Navas,cr CRC,GK,Nott'ham Forest,eng Premier League,35,1986,17,1.88,0.24,0.06,0.18,0,1.72,0.32,-0.16,-0.16,6.24,18.82,33.1,22.24,3.82,56.3,41.3,8.88,70.9,48.1,17.35,0.82,4.7,0.53,0.53,9.2,Matches
126,Neto,br BRA,GK,Bournemouth,eng Premier League,33,1989,26.5,1.47,0.15,0,0.3,0.04,1.5,0.26,0.06,0.06,6.04,16.49,36.6,22.68,5.13,47.4,37.8,8.72,65.8,44.6,19.25,1.32,6.9,0.94,0.94,12.1,Matches
127,Manuel Neuer,de GER,GK,Bayern Munich,de Bundesliga,36,1986,12,0.92,0.17,0,0,0,1.22,0.29,0.31,0.31,3.25,6.58,49.4,36.25,6.75,16.6,26.8,5.75,10.1,23.8,8.58,0.33,3.9,1.92,1.92,19.5,Matches
128,Alexander Nübel,de GER,GK,Monaco,fr Ligue 1,25,1996,38,1.53,0.13,0.03,0.11,0.08,1.3,0.24,-0.14,-0.14,4.97,11.71,42.5,23.03,5.34,32.2,32.8,7,61.3,45.6,11.95,0.95,7.9,0.87,0.87,12.7,Matches
129,Ørjan Nyland,no NOR,GK,RB Leipzig,de Bundesliga,31,1990,2,1,0,0,0.5,0.5,0.9,0.36,0.4,0.39,5.5,16.5,33.3,41.5,4.5,32.5,33.6,7.5,40,36.7,14,0,0,0,0,12.5,Matches
130,Jan Oblak,si SVN,GK,Atlético Madrid,es La Liga,29,1993,27.7,0.72,0.04,0.04,0.04,0,0.79,0.27,0.07,0.07,4.33,13.5,32.1,21.16,4.15,40.4,36.1,8.23,60.1,46,12.92,0.9,7,0.69,0.69,14.2,Matches
131,Guillermo Ochoa,mx MEX,GK,Salernitana,it Serie A,37,1985,20,1.65,0.15,0.05,0.3,0,1.74,0.3,0.09,0.09,6.75,21.5,31.4,27.8,2.25,53.6,40.9,10,66,47.3,15.55,0.55,3.5,0.5,0.5,12.3,Matches
132,Robin Olsen,se SWE,GK,Aston Villa,eng Premier League,32,1990,3.1,2.58,0.32,0,0.97,0,2,0.29,-0.58,-0.57,4.84,20,24.2,32.58,5.81,44.6,37.6,9.03,60.7,46.8,14.52,1.61,11.1,0.97,0.96,14.2,Matches
133,Jonas Omlin,ch SUI,GK,Montpellier,fr Ligue 1,28,1994,13,2,0.23,0,0.15,0.15,1.85,0.28,0.01,0,4.08,12.38,32.9,25.38,5.92,32.1,31.7,6.54,64.7,47.3,16.08,1.08,6.7,0.92,0.93,12,Matches
134,Jonas Omlin,ch SUI,GK,M'Gladbach,de Bundesliga,28,1994,14.3,1.26,0.14,0,0,0,1.27,0.29,0.01,0,3.99,12.38,32.2,44.62,5.17,22.3,28.7,6.99,35,35.3,15.38,1.05,6.8,1.4,1.4,14.8,Matches
135,André Onana,cm CMR,GK,Inter,it Serie A,26,1996,24,1,0.08,0,0.21,0.08,0.8,0.21,-0.11,-0.11,4.38,11.25,38.9,36.46,4.79,25.5,29.6,6.33,30.9,35.4,11.79,0.62,5.3,0.42,0.42,12.5,Matches
136,Stefan Ortega,de GER,GK,Manchester City,eng Premier League,29,1992,3,0.33,0,0,0,0,1.37,0.27,1.03,1.02,3.67,8,45.8,51.67,5.33,14.8,23.9,4,8.3,20.3,8.67,0.33,3.8,2.33,2.33,21.1,Matches
137,Fernando Pacheco,es ESP,GK,Almería,es La Liga,30,1992,1,2,0,0,1,0,1.6,0.32,-0.4,-0.42,3,12,25,26,8,42.3,40.2,4,25,36,16,1,6.3,2,2,14.5,Matches
138,Fernando Pacheco,es ESP,GK,Espanyol,es La Liga,30,1992,16,2.06,0.25,0,0.19,0,1.66,0.25,-0.4,-0.4,7.94,17,46.7,26.06,3.5,42.4,36.2,8.56,69.3,49.6,15.12,1,6.6,1.19,1.19,13.8,Matches
139,Rui Patrício,pt POR,GK,Roma,it Serie A,34,1988,35,1,0.06,0.03,0.11,0.03,0.79,0.23,-0.18,-0.18,3.86,9.37,41.2,18.4,3.46,37.6,33.6,6.86,35.8,34.8,11.49,0.46,4,0.71,0.71,13.8,Matches
140,Jiří Pavlenka,cz CZE,GK,Werder Bremen,de Bundesliga,30,1992,32.3,1.89,0.06,0,0.15,0.06,1.61,0.29,-0.22,-0.22,6.13,15.39,39.8,27.65,4.71,40.1,36.3,8.64,49.8,42.9,14.89,0.68,4.6,1.18,1.18,14.9,Matches
141,Gianluca Pegolo,it ITA,GK,Sassuolo,it Serie A,41,1981,2,1.5,0.5,0,0,0,1.6,0.38,0.1,0.12,4.5,9,50,30.5,5,21.3,29.7,8,31.3,28.3,14,1,7.1,0,0,9,Matches
142,Iñaki Peña,es ESP,GK,Barcelona,es La Liga,23,1999,0.8,2.5,0,0,0,0,1.75,0.36,-0.75,-0.7,1.25,3.75,33.3,28.75,6.25,13,25.2,5,0,22.8,8.75,0,0,2.5,2.47,16.5,Matches
143,Patrick Pentz,at AUT,GK,Reims,fr Ligue 1,25,1997,7,2,0.29,0,0.29,0.14,1.7,0.34,-0.16,-0.16,4.14,13.43,30.9,21.71,3.57,44.7,36.3,8.43,44.1,38.7,14.71,1.14,7.8,0.57,0.57,12.2,Matches
144,Simone Perilli,it ITA,GK,Hellas Verona,it Serie A,27,1995,1,0,0,0,0,0,0.8,0.19,0.8,0.75,6,30,20,21,0,81,57.3,13,100,69.8,19,1,5.3,1,1,12,Matches
145,Mattia Perin,it ITA,GK,Juventus,it Serie A,29,1992,10.5,0.67,0.1,0,0.1,0,1.07,0.23,0.4,0.39,3.05,10.19,29.9,27.33,5.14,28.6,30.8,6,39.7,35.9,14.67,0.38,2.6,1.05,1.04,15.7,Matches
146,Samuele Perisan,it ITA,GK,Empoli,it Serie A,24,1997,7,1.29,0,0,0.29,0,1.07,0.31,-0.21,-0.22,3.57,10.71,33.3,21.86,5.57,32,32.7,10.71,34.7,34.3,19.14,0.71,3.7,0.57,0.57,11.6,Matches
147,Jordan Pickford,eng ENG,GK,Everton,eng Premier League,28,1994,37,1.54,0.14,0.05,0.11,0,1.62,0.31,0.08,0.08,7.3,21.65,33.7,26.81,4.08,58.1,43,8.51,71.4,52.7,15.3,0.59,3.9,1.41,1.41,16.2,Matches
148,Nick Pope,eng ENG,GK,Newcastle Utd,eng Premier League,30,1992,36.2,0.88,0.06,0,0.22,0.03,0.86,0.24,0.01,0.01,3.31,10.17,32.6,18.87,6.41,33.1,33,5.72,68.6,50.7,11.35,0.94,8.3,2.04,2.04,18.2,Matches
149,Ivan Provedel,it ITA,GK,Lazio,it Serie A,28,1994,37.9,0.79,0.03,0,0.13,0.03,0.83,0.25,0.06,0.06,4.17,9.84,42.4,29.58,4.38,27.4,32.2,5.22,33.3,33.2,13.01,0.55,4.3,1.45,1.45,16.5,Matches
150,Ghjuvanni Quilichini,fr FRA,GK,Ajaccio,fr Ligue 1,19,2002,0.9,0,0,0,0,0,0.89,0.24,0.89,0.93,6.67,26.67,25,28.89,2.22,61.5,43.8,8.89,100,61,27.78,2.22,8,0,0,7.5,Matches
151,Ionuț Radu,ro ROU,GK,Cremonese,it Serie A,25,1997,9,2.11,0.33,0,0.33,0,2.33,0.29,0.22,0.22,4.22,15.89,26.6,29.44,3.78,41.1,37.3,7.44,50.7,46.3,11.89,0.67,5.6,1,1,14.5,Matches
152,Ionuț Radu,ro ROU,GK,Auxerre,fr Ligue 1,25,1997,17,1.18,0,0,0,0.06,1.29,0.27,0.17,0.17,6.88,20.53,33.5,27.59,3.82,52.9,41.3,7.53,78.9,53.1,16.06,0.82,5.1,0.76,0.76,12.9,Matches
153,Predrag Rajković,rs SRB,GK,Mallorca,es La Liga,26,1995,36,1.11,0.17,0,0.08,0,1.09,0.25,-0.02,-0.02,8.97,21.83,41.1,24.97,3.47,61.8,45.4,8.58,74.4,54,16.89,0.89,5.3,0.53,0.53,11.7,Matches
154,Diant Ramaj,de GER,GK,Eint Frankfurt,de Bundesliga,20,2001,1,1,0,0,1,0,1,0.2,0,0.01,1,3,33.3,21,7,9.5,29.1,4,25,22,15,1,6.7,1,1,11.5,Matches
155,Aaron Ramsdale,eng ENG,GK,Arsenal,eng Premier League,24,1998,38,1.13,0.08,0,0.16,0.03,1.05,0.28,-0.05,-0.05,2.87,11.29,25.4,25.16,4.58,35.4,33.3,4.03,59.5,49.2,10.03,0.58,5.8,1.13,1.13,16.1,Matches
156,Nicola Ravaglia,it ITA,GK,Sampdoria,it Serie A,33,1988,9,2.56,0.22,0,0.33,0,1.99,0.26,-0.57,-0.57,5.44,16.11,33.8,25.11,5,42.5,35.6,11,49.5,37.6,17.22,1.11,6.5,0.11,0.11,10.5,Matches
157,David Raya,es ESP,GK,Brentford,eng Premier League,26,1995,38,1.21,0.05,0,0.24,0.08,1.26,0.24,0.13,0.13,9.13,23.21,39.3,35.97,4.21,50.7,39.5,7.08,70.3,51.8,15.74,1.37,8.7,1.42,1.42,15.8,Matches
158,Pepe Reina,es ESP,GK,Villarreal,es La Liga,39,1982,22,1.23,0.18,0,0.14,0.05,1.31,0.29,0.13,0.13,2.91,9.41,30.9,33.45,5.09,22.1,28.8,5.36,37.3,35.7,14.32,0.68,4.8,0.91,0.91,14.6,Matches
159,Álex Remiro,es ESP,GK,Real Sociedad,es La Liga,27,1995,38,0.92,0.03,0.03,0.08,0.05,0.86,0.24,-0.01,0,6.42,15.05,42.7,28.68,3.63,39.8,35.9,5.68,63.9,51.3,11.92,0.47,4,1.24,1.24,15.9,Matches
160,Manuel Riemann,de GER,GK,Bochum,de Bundesliga,33,1988,34,2.12,0.24,0.06,0.26,0.09,2.03,0.3,0,0,16.29,34.56,47.1,43.79,2.44,66.8,44.7,7.68,69,50.6,15.76,0.91,5.8,3.56,3.56,22.2,Matches
161,Rémy Riou,fr FRA,GK,Lyon,fr Ligue 1,34,1987,6.7,1.19,0.6,0,0,0.15,1.31,0.2,0.27,0.27,1.79,7.31,24.5,26.57,4.48,22.5,28.7,7.01,19.1,26,11.64,0.9,7.7,1.49,1.5,17.2,Matches
162,Joel Robles,es ESP,GK,Leeds United,eng Premier League,32,1990,4,2.75,0.5,0,0,0,2.62,0.32,-0.12,-0.12,4.5,17.75,25.4,22.5,5,52.2,41.1,8,75,49.4,10.75,0.5,4.7,0.75,0.75,11.6,Matches
163,Marek Rodák,sk SVK,GK,Fulham,eng Premier League,25,1996,2,1,0,0,0,0,1,0.51,0,0.01,8,23.5,34,23,1.5,73.9,46,7.5,86.7,60,13,0.5,3.8,1,1,14,Matches
164,Leonardo Román,es ESP,GK,Mallorca,es La Liga,22,2000,1,0,0,0,0,0,0.1,0.03,0.1,0.11,9,21,42.9,30,3,40,35.2,12,75,48.8,30,1,3.3,2,2,17.4,Matches
165,Francesco Rossi,it ITA,GK,Atalanta,it Serie A,31,1991,0,0,0,0,0,0,0,0,0,0,0,0,0,0,0,0,17.3,0,100,65,0,0,0,0,0,0,Matches
166,Gerónimo Rulli,ar ARG,GK,Villarreal,es La Liga,30,1992,14,0.71,0,0,0.07,0,0.89,0.23,0.18,0.18,3.57,8.5,42,32.21,5,19.3,28.8,6.57,34.8,37.9,15.36,1.43,9.3,1.5,1.5,15.5,Matches
167,Alessandro Russo,it ITA,GK,Sassuolo,it Serie A,21,2001,1,3,0,0,0,0,2.8,0.4,-0.2,-0.22,0,12,0,42,2,28.6,30.7,8,0,18.3,14,0,0,0,0,10,Matches
168,Frederik Rønnow,dk DEN,GK,Union Berlin,de Bundesliga,29,1992,29,0.93,0.17,0,0.17,0,1.21,0.26,0.28,0.28,8.28,20.86,39.7,38.45,3.76,44.6,36.5,5.62,66.3,49.4,14.97,1.48,9.9,1,1,13.5,Matches
169,José Sá,pt POR,GK,Wolves,eng Premier League,29,1993,36,1.53,0.06,0,0.17,0.03,1.34,0.28,-0.16,-0.16,3.33,12.08,27.6,25.97,5.06,29.3,30.9,7.22,61.9,46.2,15,1.19,8,0.78,0.78,12.6,Matches
170,Brice Samba,fr FRA,GK,Lens,fr Ligue 1,28,1994,37,0.76,0.08,0,0.16,0.03,0.88,0.24,0.15,0.15,4.7,11.76,40,29.05,3.78,35.5,33.3,4.32,33.1,32.7,10.38,0.92,8.9,1.11,1.11,15.4,Matches
171,Robert Sánchez,es ESP,GK,Brighton,eng Premier League,24,1997,23,1.3,0.22,0,0.17,0.13,1.05,0.25,-0.12,-0.12,2.61,8.91,29.3,28.04,4.48,24.2,28.9,5.7,37.4,35.1,9.96,0.74,7.4,0.57,0.57,12.3,Matches
172,Mouhamadou Sarr,sn SEN,GK,Cremonese,it Serie A,25,1997,2,1.5,0,0,0.5,0,1.45,0.36,-0.05,-0.05,9.5,19,50,35.5,6,40.8,35.7,6,75,53.6,9,0,0,0.5,0.5,8.6,Matches
173,Kasper Schmeichel,dk DEN,GK,Nice,fr Ligue 1,35,1986,36,0.97,0.08,0.06,0.14,0,1,0.23,0.02,0.02,4.72,10.78,43.8,25.25,3.31,30.7,32.7,7.72,39.2,35.7,12.64,0.67,5.3,0.64,0.64,12.9,Matches
174,Marvin Schwäbe,de GER,GK,Köln,de Bundesliga,27,1995,34,1.59,0.12,0.12,0.12,0.09,1.24,0.3,-0.26,-0.26,4.53,11.88,38.1,35.38,3.44,28.8,31.3,5.44,31.4,33.9,13.76,0.56,4.1,0.65,0.65,13.4,Matches
175,Alexander Schwolow,de GER,GK,Schalke 04,de Bundesliga,30,1992,22.6,2.57,0.18,0.04,0.27,0,2.03,0.31,-0.54,-0.54,7.96,19.51,40.8,29.91,3.5,46.4,38.4,7.7,73,55.2,14.2,0.31,2.2,1.02,1.02,15,Matches
176,Matz Sels,be BEL,GK,Strasbourg,fr Ligue 1,30,1992,38,1.55,0.26,0.03,0.16,0,1.49,0.27,-0.07,-0.06,4.18,11.97,34.9,20.39,3.42,44.8,36.9,5.16,55.1,43.9,13.26,0.82,6.2,0.84,0.84,12.8,Matches
177,Luigi Sepe,it ITA,GK,Salernitana,it Serie A,31,1991,17,1.59,0.24,0,0,0,1.78,0.27,0.19,0.2,4.47,16.12,27.7,28.82,4.94,40.6,35.9,9.06,48.7,41.1,13.06,0.94,7.2,0.76,0.76,14.2,Matches
178,Rui Silva,pt POR,GK,Betis,es La Liga,28,1994,26,1.23,0.08,0.04,0.23,0.04,1.27,0.3,0.07,0.07,5.92,15.77,37.6,25.69,4.12,40.7,35.6,8.23,64.5,47.5,14.19,0.69,4.9,1.42,1.42,16.6,Matches
179,Marco Silvestri,it ITA,GK,Udinese,it Serie A,31,1991,38,1.26,0.16,0.05,0.08,0.05,1.28,0.31,0.07,0.07,3.79,10,37.9,22.95,3.74,31.9,32,7.95,33.8,34.1,14.39,0.34,2.4,0.55,0.55,12.2,Matches
180,Unai Simón,es ESP,GK,Athletic Club,es La Liga,25,1997,30.5,1.21,0.1,0.03,0.03,0.1,1.04,0.28,-0.08,-0.08,4.39,11.51,38.2,24.98,5.05,30.6,33.2,6.1,63.4,49.4,11.64,0.59,5.1,1.31,1.31,17.5,Matches
181,Tobias Sippel,de GER,GK,M'Gladbach,de Bundesliga,34,1988,5.7,2.11,0.18,0,0.53,0,2.04,0.33,-0.07,-0.08,4.39,18.6,23.6,37.19,4.04,33.5,32.7,8.42,72.9,53.1,15.44,0.35,2.3,0.7,0.71,13.1,Matches
182,Salvatore Sirigu,it ITA,GK,Fiorentina,it Serie A,35,1987,1,0,0,0,0,0,1,0.19,1,0.96,6,16,37.5,30,9,40,37.7,8,50,41.8,12,0,0,2,2,26.3,Matches
183,Łukasz Skorupski,pl POL,GK,Bologna,it Serie A,31,1991,37,1.32,0.19,0.03,0.16,0.08,1.29,0.25,0.05,0.05,3.95,10.03,39.4,25.22,5.57,29.8,31.7,7.51,33.5,33,13.3,0.78,5.9,0.65,0.65,12.9,Matches
184,François-Joseph Sollacaro,fr FRA,GK,Ajaccio,fr Ligue 1,28,1994,6,2.33,0.17,0,0.17,0.17,1.52,0.34,-0.65,-0.65,3.17,14.5,21.8,17,1.83,56.9,40.7,6.67,72.5,48.2,15.5,1,6.5,1,1,11.5,Matches
185,Yann Sommer,ch SUI,GK,Bayern Munich,de Bundesliga,33,1988,19,1.32,0.37,0.05,0.05,0,1.25,0.32,-0.07,-0.07,2.53,6.21,40.7,34.26,4.37,14.6,25.1,5.16,23.5,28.7,11.16,0.63,5.7,1.42,1.42,16.7,Matches
186,Yann Sommer,ch SUI,GK,M'Gladbach,de Bundesliga,33,1988,10,1.4,0.2,0.1,0,0.1,1.67,0.25,0.37,0.37,4.8,14.1,34,51.7,5.2,23,28.2,9,24.4,28.6,16.2,0.5,3.1,1.3,1.3,14.6,Matches
187,David Soria,es ESP,GK,Getafe,es La Liga,29,1993,38,1.18,0.11,0,0.18,0.05,1.2,0.23,0.07,0.07,10.76,23.79,45.2,20.58,2.61,75.1,49.8,9.13,91.4,59.8,15.42,0.95,6.1,1.21,1.21,15,Matches
188,Marco Sportiello,it ITA,GK,Atalanta,it Serie A,30,1992,14.9,1.41,0.07,0.07,0.13,0,1.32,0.29,-0.09,-0.1,3.49,9.93,35.1,23.22,5.7,20.5,28.8,7.79,66.4,49.7,13.42,1.21,9,1.21,1.21,15,Matches
189,Jason Steele,eng ENG,GK,Brighton,eng Premier League,31,1990,15,1.53,0.07,0,0.13,0.2,1.23,0.29,-0.1,-0.1,2.27,4.93,45.9,32.2,3.2,14.9,24.2,3.67,3.6,13.9,8.4,0.67,7.9,1.27,1.27,15.7,Matches
190,Mile Svilar,rs SRB,GK,Roma,it Serie A,22,1999,3,1,0,0,0,0,0.97,0.29,-0.03,-0.03,5.33,14.67,36.4,20.33,4.33,50.8,41.4,5.33,81.3,60.1,14,2,14.3,1.33,1.33,12.1,Matches
191,Wojciech Szczęsny,pl POL,GK,Juventus,it Serie A,32,1990,27.5,0.95,0.11,0,0.18,0,0.95,0.25,0,0,4.65,9.82,47.4,23.05,4.65,32.2,33.5,5.56,43.1,38.3,14.15,0.4,2.8,0.76,0.76,14.7,Matches
192,Ciprian Tătărușanu,ro ROU,GK,Milan,it Serie A,36,1986,16,1.38,0.12,0.12,0.25,0.06,1.05,0.25,-0.26,-0.26,5.88,12.19,48.2,29.56,4.69,32.1,32.9,5.19,51.8,41.8,12.19,0.56,4.6,0.81,0.81,14.4,Matches
193,Marc-André ter Stegen,de GER,GK,Barcelona,es La Liga,30,1992,37.2,0.48,0.08,0,0.05,0.08,0.64,0.21,0.23,0.23,4.52,9.01,50.1,32.66,4.97,22.1,28.9,5.3,34,35.2,9.89,0.48,4.9,1.1,1.1,16.4,Matches
194,Pietro Terracciano,it ITA,GK,Fiorentina,it Serie A,32,1990,29,1.31,0.21,0,0.1,0.07,1.14,0.28,-0.1,-0.1,5.34,12.93,41.3,30.03,3.9,32.7,33.2,6.83,45.5,40.5,9.34,0.41,4.4,1.9,1.9,18.4,Matches
195,Kevin Trapp,de GER,GK,Eint Frankfurt,de Bundesliga,32,1990,33,1.55,0.06,0.03,0.21,0.03,1.28,0.32,-0.23,-0.23,2.42,9.88,24.5,20.12,3.88,39.2,34.8,6.64,30.1,34.1,12.15,0.52,4.2,0.73,0.73,14.4,Matches
196,Mark Travers,ie IRL,GK,Bournemouth,eng Premier League,23,1999,11.5,2.78,0.17,0,0.7,0.17,2.09,0.34,-0.52,-0.52,6.17,13.39,46.1,21.74,4.7,35.6,31.9,10.26,55.1,43.8,19.91,0.43,2.2,0.43,0.43,10.5,Matches
197,Martin Turk,si SVN,GK,Sampdoria,it Serie A,18,2003,4,2.25,0.25,0,0.75,0,2,0.26,-0.25,-0.25,8.75,19.5,44.9,24.75,3.75,41.4,35.1,10.75,86,56.3,15,0,0,0.5,0.5,12.3,Matches
198,Samir Ujkani,xk KVX,GK,Empoli,it Serie A,34,1988,0.1,10,0,0,0,0,2,0.25,-8,-9.69,0,0,0,20,10,0,18.5,10,0,27,10,0,0,0,0,0,Matches
199,Sven Ulreich,de GER,GK,Bayern Munich,de Bundesliga,33,1988,3,0.67,0,0,0.33,0,0.8,0.18,0.13,0.13,3,8.67,34.6,37.33,7,20.5,26,6,16.7,23.4,11.33,0.67,5.9,1.33,1.33,17.5,Matches
200,Guglielmo Vicario,it ITA,GK,Empoli,it Serie A,25,1996,30.9,1.26,0.13,0,0.26,0.03,1.32,0.27,0.09,0.09,4.47,14.72,30.3,35.79,4.89,33.5,33.8,5.5,50,42.9,19.61,1.1,5.6,0.71,0.71,11.5,Matches
201,Iván Villar,es ESP,GK,Celta Vigo,es La Liga,25,1997,19,1.26,0.16,0,0.32,0,1.17,0.31,-0.09,-0.09,4.26,12.58,33.9,22.89,5.05,34.7,33.8,8.26,56.1,44.8,13.47,0.42,3.1,0.74,0.74,14.2,Matches
202,Danny Ward,wls WAL,GK,Leicester City,eng Premier League,29,1993,26,1.77,0.08,0.08,0.23,0.15,1.4,0.29,-0.21,-0.21,3.62,11.65,31,28.85,5.92,29.7,30.4,7.31,42.1,35.1,13.65,0.77,5.6,1.62,1.62,15.9,Matches
203,Axel Werner,ar ARG,GK,Elche,es La Liga,26,1996,2,2,0,0,1,0,1.2,0.31,-0.8,-0.82,2,10,20,26.5,4.5,32.1,34.9,8,18.8,33.8,13,0.5,3.8,0.5,0.5,14,Matches
204,Joseph Whitworth,eng ENG,GK,Crystal Palace,eng Premier League,18,2004,2,2.5,0,0,0,0,1.15,0.23,-1.35,-1.33,4,13.5,29.6,34,4,29.4,30.1,7.5,46.7,36.7,12.5,0.5,4,1.5,1.5,15.4,Matches
205,Robin Zentner,de GER,GK,Mainz 05,de Bundesliga,27,1994,26,1.5,0.12,0.04,0.08,0,1.36,0.3,-0.14,-0.14,6.15,18.23,33.8,25.85,5.62,50,40,7.46,71.1,54.1,12.35,1.65,13.4,2.04,2.04,17.4,Matches
206,Michael Zetterer,de GER,GK,Werder Bremen,de Bundesliga,27,1995,1.7,1.76,0,0,0.59,0,1.88,0.24,0.12,0.11,9.41,19.41,48.5,28.82,7.65,51,41.6,7.06,66.7,50.3,8.82,1.76,20,2.35,2.37,16.5,Matches
207,Jeroen Zoet,nl NED,GK,Spezia,it Serie A,31,1991,3.7,1.08,0.27,0,0.27,0,0.76,0.14,-0.32,-0.31,6.76,21.08,32.1,29.73,3.51,54.5,39,6.22,78.3,58.4,16.76,1.08,6.5,1.62,1.61,14.7,Matches
208,Petar Zovko,ba BIH,GK,Spezia,it Serie A,20,2002,0.8,2.5,0,0,0,0,2.12,0.55,-0.37,-0.42,8.75,26.25,33.3,28.75,3.75,47.8,35.1,16.25,76.9,51.1,30,1.25,4.2,2.5,2.47,17,Matches
